{
  "finetuned": {
    "accuracy": 0.9375,
    "per_class": {
      "analysis": {
        "precision": 0.8333333333333334,
        "recall": 1.0,
        "f1": 0.9090909090909091
      },
      "reaction": {
        "precision": 1.0,
        "recall": 1.0,
        "f1": 1.0
      },
      "hot_take": {
        "precision": 1.0,
        "recall": 0.8181818181818182,
        "f1": 0.9
      }
    }
  },
  "baseline": {
    "accuracy": 0.9666666666666667,
    "per_class": {
      "analysis": {
        "precision": 1.0,
        "recall": 0.8888888888888888,
        "f1": 0.9411764705882353
      },
      "reaction": {
        "precision": 1.0,
        "recall": 1.0,
        "f1": 1.0
      },
      "hot_take": {
        "precision": 0.9166666666666666,
        "recall": 1.0,
        "f1": 0.9565217391304348
      }
    }
  }
}